Cluster,FIPS Code
0,1063
0,1065
0,1075
0,51007
0,51021
0,51025
0,51027
0,51029
0,51033
0,51035
0,51036
0,51049
0,51051
0,51063
0,51075
0,51081
0,51105
0,51125
0,51141
0,51157
0,51167
0,51169
0,51173
0,51175
0,51181
0,51195
0,2050
0,2158
0,2185
0,2188
0,35033
0,28009
0,28051
0,28053
0,28055
0,28063
0,28119
0,28133
0,28135
0,28143
0,28157
0,45017
0,45027
0,45029
0,45037
0,45039
0,45053
0,45059
0,45065
0,45069
0,45073
0,45089
0,37015
0,37029
0,37033
0,37043
0,37069
0,37073
0,37075
0,37095
0,37131
0,37177
0,37199
0,29017
0,29155
0,29157
0,29179
0,29181
0,21001
0,21003
0,21011
0,21013
0,21025
0,29221
0,21031
0,21043
0,21045
0,21051
0,21053
0,21057
0,21061
0,21063
0,21065
0,21071
0,21085
0,21087
0,21095
0,21099
0,21109
0,21115
0,21119
0,21121
0,21127
0,21129
0,21131
0,21133
0,21135
0,21147
0,21153
0,21159
0,21165
0,21169
0,21171
0,21175
0,21189
0,21193
0,13003
0,21195
0,13005
0,21197
0,13007
0,13011
0,21203
0,13013
0,21207
0,13019
0,21215
0,13027
0,13029
0,13033
0,13037
0,21231
0,13043
0,21237
0,54005
0,54013
0,13055
0,54015
0,13061
0,13065
0,13079
0,13083
0,54043
0,13085
0,54047
0,13091
0,13093
0,13099
0,54059
0,13101
0,13103
0,13105
0,13107
0,13109
0,13119
0,13125
0,13129
0,13141
0,54101
0,13147
0,13149
0,13163
0,13165
0,13167
0,13177
0,13181
0,13183
0,13187
0,13193
0,13195
0,13197
0,13201
0,13205
0,13211
0,5021
0,13213
0,13221
0,13223
0,13227
0,13231
0,13233
0,13239
0,13243
0,13249
0,13251
0,13259
0,13263
0,13265
0,5077
0,13269
0,5079
0,13271
0,13273
0,5087
0,13283
0,5095
0,13287
0,13289
0,13291
0,13297
0,13301
0,5111
0,13303
0,13307
0,13309
0,5121
0,13319
0,5129
0,5137
0,5147
0,38047
0,38051
0,22007
0,22027
0,22035
0,22039
0,22065
0,22077
0,22099
0,22107
0,22125
0,47007
0,47013
0,47015
0,47025
0,47027
0,47029
0,47041
0,47047
0,47049
0,47057
0,47061
0,47067
0,47069
0,47075
0,47077
0,47081
0,47087
0,47091
0,47095
0,47097
0,47111
0,47121
0,47123
0,47133
0,47135
0,47137
0,47151
0,47161
0,47169
0,47173
0,47175
0,47181
0,47185
0,48089
0,48123
0,48127
0,48131
0,48149
0,48155
0,48177
0,48185
0,40001
0,48247
0,48261
0,48271
0,48283
0,48285
0,48287
0,48301
0,48323
0,48377
0,48385
0,48399
0,48403
0,48407
0,48427
0,48489
0,48505
0,48507
0,24039
1,25005
1,17003
1,17005
1,17009
1,17013
1,17023
1,17025
1,17027
1,17035
1,17051
1,17055
1,17059
1,17065
1,17069
1,17079
1,17081
1,17083
1,17087
1,17121
1,17127
1,17133
1,17145
1,17151
1,17153
1,17157
1,17163
1,17165
1,17171
1,17181
1,17189
1,17191
1,17193
1,9015
1,50009
1,50019
1,1003
1,1005
1,1007
1,1009
1,1011
1,1013
1,1015
1,1017
1,1019
1,1021
1,1023
1,1025
1,1027
1,1029
1,1031
1,1033
1,1035
1,1037
1,1039
1,1041
1,1043
1,1047
1,1049
1,1051
1,42011
1,1053
1,1055
1,1057
1,1059
1,1061
1,1067
1,1069
1,1071
1,1079
1,1083
1,1085
1,1087
1,1091
1,42051
1,1093
1,1095
1,42055
1,1097
1,42057
1,1099
1,42059
1,1105
1,1107
1,42067
1,1109
1,1111
1,42071
1,1113
1,1115
1,1117
1,1119
1,1121
1,1123
1,1127
1,1129
1,1131
1,1133
1,42101
1,42109
1,42111
1,42133
1,34011
1,34017
1,34031
1,26001
1,26011
1,26013
1,26035
1,26051
1,26063
1,26079
1,26083
1,26085
1,26095
1,26113
1,26129
1,26141
1,26153
1,18025
1,18037
1,18043
1,18047
1,18101
1,18117
1,18123
1,18125
1,18143
1,18147
1,18155
1,18175
1,10005
1,51001
1,51005
1,51009
1,51011
1,51015
1,51017
1,51019
1,51023
1,51037
1,51043
1,51045
1,51047
1,51053
1,51057
1,51065
1,51067
1,51069
1,51071
1,51073
1,51077
1,51079
1,51083
1,51085
1,51089
1,51091
1,51093
1,51097
1,51103
1,51109
1,51111
1,51113
1,51115
1,51117
1,51119
1,51127
1,51131
1,51133
1,51135
1,51137
1,51139
1,51143
1,51145
1,51147
1,51155
1,51159
1,51163
1,51165
1,51171
1,51177
1,51179
1,51183
1,51185
1,51187
1,51191
1,51193
1,51197
1,2070
1,2160
1,2180
1,35011
1,2250
1,35019
1,35021
1,35023
1,35029
1,35031
1,35039
1,35043
1,35047
1,35051
1,35055
1,35057
1,51515
1,51520
1,51530
1,51550
1,27001
1,51580
1,27005
1,51590
1,27015
1,51595
1,27021
1,27029
1,51620
1,27059
1,51640
1,27069
1,27081
1,27085
1,27087
1,27089
1,27093
1,27095
1,27097
1,27101
1,27107
1,27111
1,27115
1,27117
1,27125
1,27129
1,27133
1,27135
1,27143
1,51720
1,27151
1,27153
1,51730
1,27159
1,51740
1,51760
1,51800
1,19119
1,19167
1,44007
1,36005
1,36047
1,28003
1,28005
1,28007
1,28011
1,28013
1,28015
1,28017
1,28019
1,28021
1,28023
1,28025
1,28027
1,28029
1,28031
1,28033
1,28037
1,28039
1,28041
1,28043
1,28057
1,28061
1,28065
1,28067
1,28069
1,28073
1,28077
1,28079
1,28083
1,28085
1,28089
1,28091
1,28093
1,28095
1,28097
1,28099
1,28101
1,28103
1,28107
1,28111
1,28113
1,28115
1,28117
1,28121
1,28123
1,28125
1,28127
1,28129
1,28131
1,28137
1,28139
1,28141
1,28145
1,28147
1,28151
1,28153
1,28155
1,28159
1,28161
1,28163
1,12003
1,12007
1,12013
1,12017
1,12023
1,12027
1,12029
1,12037
1,12039
1,12041
1,12043
1,12045
1,12047
1,12049
1,12051
1,12053
1,12059
1,12063
1,12065
1,12067
1,12075
1,12077
1,12079
1,12089
1,12093
1,12097
1,12101
1,12107
1,12119
1,12121
1,12123
1,12125
1,12129
1,12131
1,12133
1,4001
1,4017
1,4021
1,4023
1,45001
1,45003
1,45005
1,45007
1,45009
1,45011
1,45015
1,45021
1,45023
1,45025
1,45031
1,45033
1,45035
1,45041
1,45043
1,45045
1,45047
1,45049
1,45051
1,45055
1,45057
1,45061
1,45063
1,45067
1,45071
1,45075
1,45077
1,45081
1,45083
1,45085
1,45087
1,45091
1,37001
1,37003
1,37005
1,37007
1,37009
1,37011
1,37013
1,37017
1,37019
1,37023
1,37025
1,37027
1,37031
1,37035
1,37037
1,37039
1,37041
1,37045
1,37047
1,37053
1,37055
1,37057
1,37059
1,37061
1,37065
1,37071
1,37077
1,37079
1,37083
1,37085
1,37087
1,37091
1,37093
1,37097
1,37099
1,37101
1,37103
1,37105
1,37107
1,37109
1,37111
1,37113
1,37115
1,37117
1,37121
1,37123
1,37125
1,37127
1,37137
1,37139
1,37141
1,37143
1,37145
1,37147
1,37149
1,37151
1,37153
1,37155
1,37157
1,37159
1,37161
1,37163
1,37165
1,37167
1,37169
1,37171
1,37173
1,37179
1,37181
1,37185
1,37187
1,37189
1,37191
1,37193
1,37195
1,37197
1,29009
1,29011
1,29013
1,29015
1,29023
1,29027
1,29029
1,29035
1,29039
1,29055
1,29057
1,29059
1,29065
1,29067
1,29069
1,29071
1,29073
1,29085
1,29091
1,29093
1,29105
1,29113
1,29119
1,29123
1,29125
1,29131
1,29133
1,29135
1,29139
1,29141
1,29143
1,29149
1,29151
1,29153
1,29167
1,29171
1,29185
1,29186
1,29187
1,21005
1,21007
1,21009
1,29201
1,29203
1,29207
1,21017
1,29209
1,29211
1,21023
1,29215
1,21027
1,29219
1,21029
1,29223
1,21033
1,29225
1,21035
1,21037
1,29229
1,21039
1,21041
1,21047
1,21049
1,21055
1,21069
1,21075
1,21077
1,21079
1,21081
1,21083
1,21089
1,21091
1,21097
1,21103
1,21105
1,21107
1,21113
1,21117
1,21123
1,21125
1,21137
1,21139
1,21141
1,21143
1,21149
1,21151
1,21155
1,21157
1,21161
1,21167
1,21173
1,21177
1,21179
1,21181
1,21183
1,21185
1,21187
1,21191
1,13001
1,21199
1,13009
1,21201
1,21205
1,13015
1,13017
1,21209
1,21211
1,13021
1,21213
1,13023
1,13025
1,21217
1,21219
1,21221
1,13031
1,21223
1,21225
1,13035
1,21229
1,13039
1,21233
1,54001
1,21235
1,54003
1,13045
1,13047
1,54007
1,13049
1,13057
1,54017
1,54019
1,54021
1,54023
1,54025
1,54027
1,13069
1,13071
1,54031
1,13073
1,13075
1,13077
1,54037
1,13081
1,54041
1,54045
1,13087
1,54051
1,54053
1,13097
1,54063
1,54065
1,54067
1,13111
1,54071
1,13113
1,13115
1,54075
1,13117
1,54077
1,54079
1,54081
1,13123
1,54083
1,54085
1,29510
1,54087
1,54089
1,13131
1,54091
1,13133
1,54093
1,13135
1,13137
1,54097
1,13139
1,54099
1,13143
1,13145
1,54105
1,54109
1,13151
1,13155
1,13157
1,13159
1,13161
1,13169
1,13171
1,13173
1,13175
1,13179
1,13189
1,13191
1,5001
1,5003
1,5007
1,13199
1,5009
1,5011
1,5013
1,5015
1,13207
1,5017
1,13209
1,5019
1,5023
1,5025
1,13217
1,5027
1,13219
1,5029
1,5031
1,5033
1,13225
1,5035
1,5037
1,13229
1,5039
1,5041
1,5043
1,13235
1,13237
1,5047
1,5049
1,13241
1,46009
1,5053
1,5055
1,13247
1,5057
1,46017
1,5059
1,5061
1,13253
1,46021
1,5063
1,13255
1,46023
1,5065
1,13257
1,5067
1,5069
1,13261
1,5071
1,46031
1,5073
1,5075
1,13267
1,46037
1,5081
1,46041
1,5083
1,13275
1,46043
1,5085
1,13277
1,46045
1,13279
1,5089
1,13281
1,5091
1,46051
1,5093
1,13285
1,46053
1,5097
1,5099
1,5101
1,13293
1,46061
1,5103
1,13295
1,5105
1,5107
1,13299
1,46067
1,5109
1,5113
1,13305
1,5115
1,5117
1,13311
1,13313
1,5123
1,13315
1,5125
1,13317
1,5127
1,13321
1,46089
1,46091
1,5133
1,5135
1,5141
1,46102
1,5145
1,5149
1,46109
1,46121
1,46137
1,38005
1,38007
1,38013
1,38021
1,38025
1,38029
1,38037
1,38039
1,38041
1,38043
1,38045
1,38049
1,38055
1,38057
1,38059
1,38063
1,38065
1,38069
1,38079
1,38081
1,38083
1,38085
1,38089
1,38099
1,38103
1,30065
1,22001
1,22003
1,22005
1,22009
1,22013
1,22021
1,22023
1,22025
1,22029
1,22031
1,22037
1,22041
1,22043
1,22045
1,22047
1,22049
1,22053
1,22057
1,22059
1,22063
1,22067
1,22069
1,22071
1,22075
1,22081
1,22083
1,22085
1,22089
1,22091
1,22093
1,22095
1,22097
1,22101
1,22105
1,22109
1,22111
1,22113
1,22117
1,22119
1,22121
1,22123
1,22127
1,55001
1,55005
1,55013
1,55019
1,55023
1,55041
1,55053
1,55078
1,55083
1,55091
1,55099
1,55107
1,55115
1,55119
1,55121
1,55123
1,55137
1,6025
1,6039
1,47003
1,47005
1,47011
1,47017
1,47019
1,47021
1,47023
1,47033
1,47035
1,47039
1,47043
1,47045
1,47051
1,47053
1,47055
1,47059
1,47063
1,47071
1,47073
1,47079
1,47083
1,47085
1,47089
1,47099
1,47101
1,47103
1,47105
1,47107
1,47109
1,47115
1,47117
1,47119
1,47127
1,47129
1,47131
1,47139
1,47141
1,47143
1,47145
1,47147
1,47153
1,47155
1,47159
1,47165
1,47167
1,47171
1,47177
1,47179
1,47183
1,47189
1,39001
1,39015
1,39025
1,39053
1,39075
1,39079
1,39105
1,39131
1,39145
1,39163
1,31037
1,31163
1,15009
1,48001
1,48005
1,48011
1,48013
1,48015
1,48017
1,48019
1,48021
1,48023
1,48025
1,48031
1,48035
1,48047
1,48049
1,48051
1,48053
1,48055
1,48059
1,48061
1,48063
1,48067
1,48071
1,48073
1,48075
1,48077
1,48079
1,48081
1,48083
1,48087
1,48091
1,48093
1,48095
1,48101
1,48103
1,48107
1,48109
1,48115
1,48117
1,48119
1,48125
1,48129
1,48133
1,48137
1,48139
1,48143
1,48145
1,48147
1,48151
1,48153
1,48157
1,48159
1,48161
1,48163
1,48165
1,48169
1,48171
1,48173
1,48175
1,48187
1,48191
1,48193
1,40005
1,48197
1,48199
1,40009
1,48203
1,40013
1,40015
1,48207
1,40021
1,48213
1,40023
1,48215
1,48217
1,48219
1,40029
1,48221
1,48223
1,40033
1,48225
1,40035
1,40037
1,48229
1,40041
1,48235
1,48237
1,48239
1,40049
1,48241
1,40055
1,40057
1,48249
1,48251
1,40061
1,48253
1,40063
1,48255
1,48257
1,40067
1,48259
1,40069
1,48263
1,40075
1,40077
1,48269
1,40079
1,40081
1,48275
1,40085
1,48277
1,40087
1,48279
1,40089
1,40091
1,40095
1,40097
1,48289
1,40099
1,48291
1,48293
1,40105
1,48297
1,40107
1,40111
1,40113
1,48305
1,48307
1,40117
1,48309
1,48311
1,40121
1,48313
1,48315
1,48317
1,40127
1,48319
1,40129
1,48321
1,40133
1,48325
1,40135
1,48327
1,48331
1,40141
1,48333
1,48335
1,40145
1,48337
1,48339
1,40149
1,48343
1,48345
1,48347
1,48349
1,48351
1,48353
1,48361
1,48365
1,48371
1,48373
1,48379
1,48387
1,48389
1,48391
1,32009
1,48393
1,48395
1,48401
1,48405
1,48409
1,48411
1,48417
1,48419
1,48425
1,48429
1,48433
1,48435
1,48437
1,48443
1,48445
1,48449
1,48455
1,48457
1,48459
1,48463
1,48465
1,48467
1,48471
1,48477
1,48479
1,48481
1,48487
1,48491
1,48493
1,48497
1,48499
1,48503
1,24009
1,24011
1,24013
1,24015
1,24019
1,24021
1,24023
1,24029
1,24035
1,24041
1,24045
1,24047
1,8009
1,8011
1,8021
1,8023
1,8025
1,8033
1,8055
1,8071
1,49037
1,24510
2,41000
2,41001
2,41007
2,41009
2,41011
2,41013
2,41015
2,41017
2,41019
2,41023
2,41025
2,41027
2,41029
2,41031
2,41033
2,41035
2,41037
2,41041
2,41043
2,41045
2,41047
2,41049
2,41051
2,41053
2,41055
2,41057
2,41059
2,41061
2,41063
2,41065
2,41069
2,41071
2,33001
2,33005
2,33007
2,33011
2,33013
2,33017
2,33019
2,25003
2,25009
2,25011
2,25013
2,25023
2,25025
2,25027
2,17001
2,17007
2,17011
2,17015
2,17017
2,17021
2,17029
2,17031
2,17033
2,17039
2,17041
2,17045
2,17047
2,17049
2,17057
2,17061
2,17063
2,17067
2,17071
2,17073
2,17075
2,17085
2,17089
2,17091
2,17095
2,17099
2,17101
2,17103
2,17105
2,17107
2,17111
2,17115
2,17117
2,17119
2,17123
2,17125
2,17129
2,17131
2,17135
2,17137
2,17139
2,17141
2,17143
2,17147
2,17149
2,17155
2,17159
2,17161
2,17167
2,17169
2,17173
2,17175
2,17177
2,17179
2,17183
2,17185
2,17187
2,9003
2,17195
2,9005
2,17197
2,9007
2,17199
2,9009
2,17201
2,9011
2,17203
2,50001
2,50003
2,50005
2,50011
2,50013
2,50017
2,50021
2,50023
2,50025
2,50027
2,1001
2,42001
2,42003
2,1045
2,42005
2,42007
2,42009
2,42013
2,42015
2,42017
2,42019
2,42021
2,42023
2,42025
2,42031
2,1073
2,42033
2,42035
2,1077
2,42037
2,42039
2,1081
2,42041
2,42043
2,42045
2,42047
2,42053
2,42061
2,1103
2,42063
2,42065
2,42069
2,42073
2,42075
2,42077
2,42079
2,42081
2,42083
2,1125
2,42085
2,42087
2,42089
2,42093
2,42095
2,42097
2,42099
2,42103
2,42105
2,42107
2,42113
2,42115
2,42117
2,42119
2,42121
2,42123
2,42125
2,42127
2,42129
2,42131
2,34001
2,34005
2,34007
2,34009
2,34013
2,34015
2,34019
2,34023
2,34029
2,34033
2,34037
2,34039
2,34041
2,26003
2,26005
2,26007
2,26009
2,26015
2,26017
2,26019
2,26021
2,26023
2,26025
2,26027
2,26029
2,26031
2,26033
2,26037
2,26039
2,26041
2,26043
2,26047
2,26049
2,26053
2,26055
2,26057
2,26059
2,26061
2,26067
2,26069
2,26071
2,26073
2,26075
2,26081
2,26087
2,26089
2,26091
2,26093
2,26097
2,26099
2,26101
2,26103
2,26105
2,26107
2,26109
2,26115
2,26117
2,26119
2,26121
2,26123
2,26127
2,26131
2,26133
2,26135
2,26137
2,26139
2,26143
2,26145
2,26147
2,26149
2,26151
2,26155
2,26157
2,26159
2,26163
2,26165
2,18001
2,18003
2,18005
2,18009
2,18011
2,18013
2,18017
2,18019
2,18021
2,18023
2,18027
2,18029
2,18031
2,18033
2,18035
2,18039
2,18041
2,18045
2,18051
2,18053
2,18055
2,18057
2,18059
2,18061
2,18065
2,18067
2,18069
2,18071
2,18073
2,18075
2,18077
2,18079
2,18081
2,18083
2,18087
2,18089
2,18091
2,18093
2,18095
2,18097
2,18099
2,18103
2,18109
2,18111
2,18113
2,18115
2,18119
2,18121
2,18127
2,18129
2,18131
2,18133
2,18135
2,18137
2,18139
2,18141
2,18145
2,18149
2,18153
2,18159
2,18161
2,18163
2,18165
2,18167
2,18169
2,18171
2,18173
2,18177
2,18179
2,18181
2,10001
2,10003
2,51031
2,51041
2,51061
2,51087
2,51095
2,51099
2,51101
2,51107
2,51121
2,51149
2,51161
2,2010
2,51199
2,2100
2,2150
2,2201
2,2231
2,35003
2,35007
2,35009
2,35015
2,35017
2,35025
2,35027
2,2261
2,35037
2,35041
2,35045
2,2280
2,35053
2,2290
2,35059
2,35061
2,51560
2,51570
2,27007
2,27009
2,27011
2,27013
2,27017
2,27019
2,27023
2,27025
2,27031
2,27033
2,27035
2,27039
2,27041
2,27043
2,27045
2,27047
2,27049
2,27051
2,27055
2,27057
2,27061
2,27063
2,27065
2,27067
2,27071
2,27073
2,51650
2,27077
2,27079
2,27083
2,51660
2,27091
2,51670
2,27099
2,27103
2,51680
2,27105
2,27113
2,51690
2,27119
2,27121
2,51700
2,27127
2,27131
2,51710
2,27137
2,27139
2,27141
2,27145
2,27147
2,27149
2,27155
2,27157
2,27161
2,27165
2,27167
2,27169
2,27171
2,27173
2,51750
2,19001
2,51770
2,19003
2,19005
2,19007
2,51775
2,19009
2,19011
2,19013
2,19015
2,19017
2,19019
2,19021
2,51790
2,19023
2,19025
2,19027
2,19031
2,19033
2,19037
2,19039
2,19043
2,19047
2,19051
2,19053
2,19055
2,19061
2,19063
2,19065
2,19069
2,19071
2,51840
2,19075
2,19077
2,19081
2,19083
2,19085
2,19087
2,19089
2,19093
2,19095
2,19097
2,19099
2,19101
2,19105
2,19107
2,19111
2,19117
2,19123
2,19125
2,19127
2,19131
2,19133
2,19135
2,19137
2,19139
2,19141
2,19143
2,19145
2,19149
2,19155
2,19159
2,19161
2,19163
2,19165
2,19171
2,19173
2,19177
2,19179
2,19183
2,19185
2,19187
2,19189
2,19191
2,19193
2,19195
2,19197
2,44001
2,44003
2,44005
2,44009
2,36001
2,36003
2,36007
2,36009
2,36011
2,36013
2,36015
2,36017
2,36019
2,36021
2,36023
2,36025
2,36027
2,36029
2,36031
2,36033
2,36035
2,36037
2,36039
2,36041
2,36043
2,36045
2,36049
2,36051
2,36053
2,36055
2,36057
2,36063
2,36065
2,36069
2,36071
2,36073
2,36075
2,36077
2,36081
2,36083
2,36085
2,36089
2,36091
2,36093
2,36095
2,36097
2,36099
2,36101
2,36103
2,36105
2,36107
2,36111
2,36113
2,36115
2,36117
2,36121
2,36123
2,28001
2,28035
2,28045
2,28047
2,28059
2,28071
2,28075
2,28081
2,28087
2,28109
2,28149
2,20001
2,20003
2,20005
2,20007
2,20009
2,20011
2,20013
2,20015
2,20017
2,20019
2,20021
2,20023
2,20025
2,20027
2,20029
2,20031
2,20033
2,20035
2,20037
2,20039
2,20043
2,20047
2,20049
2,20053
2,20055
2,20057
2,20059
2,20063
2,20065
2,20067
2,20069
2,20073
2,20077
2,20087
2,20093
2,20095
2,20097
2,20099
2,20101
2,20103
2,20105
2,20107
2,20109
2,20113
2,20115
2,20117
2,20119
2,20121
2,20125
2,20127
2,20131
2,20133
2,20135
2,20137
2,20139
2,20141
2,20143
2,20145
2,20147
2,20149
2,20151
2,20153
2,20155
2,20157
2,20159
2,20163
2,20165
2,20167
2,20171
2,20175
2,20179
2,20183
2,20185
2,20191
2,20195
2,12005
2,20197
2,20199
2,20201
2,12011
2,20203
2,20205
2,12015
2,20207
2,20209
2,12019
2,12031
2,12033
2,12035
2,53001
2,53003
2,53007
2,53009
2,53011
2,53013
2,12055
2,53015
2,12057
2,53017
2,53019
2,12061
2,53021
2,53025
2,53027
2,12069
2,12071
2,53031
2,53035
2,53039
2,12081
2,53041
2,12083
2,12085
2,53045
2,12086
2,12087
2,53047
2,53049
2,53051
2,53053
2,12095
2,53057
2,12099
2,53059
2,53061
2,12103
2,12105
2,53065
2,12109
2,53069
2,12111
2,12113
2,53073
2,12117
2,53077
2,12127
2,4003
2,4007
2,4009
2,4011
2,4013
2,4015
2,4025
2,4027
2,45013
2,45019
2,37021
2,37049
2,37051
2,37063
2,37067
2,37081
2,37089
2,37119
2,37129
2,37133
2,37175
2,29001
2,29003
2,29005
2,29007
2,29021
2,29025
2,29031
2,29033
2,29037
2,29041
2,29043
2,29045
2,29049
2,29051
2,29053
2,29061
2,29063
2,29075
2,29077
2,29079
2,29081
2,29083
2,29087
2,29089
2,29095
2,29097
2,29099
2,29103
2,29107
2,29109
2,29111
2,29115
2,29117
2,29121
2,29127
2,29129
2,29137
2,29145
2,29147
2,29159
2,29161
2,29163
2,29169
2,29173
2,29175
2,29177
2,29183
2,29195
2,29197
2,29199
2,29205
2,21015
2,21019
2,21021
2,29213
2,29217
2,29227
2,21059
2,21073
2,21093
2,21101
2,21111
2,21145
2,21163
2,21227
2,21239
2,54009
2,13051
2,54011
2,13063
2,13067
2,54029
2,54033
2,54035
2,54039
2,54049
2,13095
2,54055
2,54057
2,54061
2,54069
2,54073
2,13121
2,13127
2,54095
2,54103
2,54107
2,13153
2,13185
2,5005
2,13215
2,46003
2,5045
2,46005
2,46007
2,5051
2,13245
2,46013
2,46015
2,46019
2,46025
2,46029
2,46033
2,46035
2,46039
2,46047
2,46049
2,46057
2,46059
2,46063
2,46069
2,46071
2,46073
2,46075
2,46077
2,5119
2,46079
2,46081
2,46083
2,46085
2,46087
2,5131
2,46095
2,46097
2,5139
2,46099
2,46101
2,5143
2,46105
2,46107
2,46111
2,46115
2,46117
2,46119
2,46123
2,46125
2,46127
2,46129
2,46135
2,38001
2,38003
2,38009
2,38011
2,38019
2,38023
2,38027
2,38031
2,38033
2,38053
2,38061
2,38067
2,38071
2,38073
2,38075
2,38077
2,38087
2,38091
2,38093
2,38095
2,38097
2,38101
2,38105
2,30003
2,30005
2,30007
2,30009
2,30011
2,30015
2,30017
2,30019
2,30021
2,30023
2,30025
2,30027
2,30029
2,30033
2,30035
2,30041
2,30043
2,30047
2,30051
2,30053
2,30055
2,30057
2,30059
2,30061
2,30067
2,30069
2,30071
2,30073
2,30075
2,30077
2,30079
2,30081
2,30083
2,30085
2,30087
2,30089
2,30091
2,30093
2,30095
2,30097
2,30099
2,30101
2,30105
2,30107
2,30109
2,22011
2,22015
2,22017
2,22019
2,22051
2,22055
2,22073
2,22079
2,22087
2,22103
2,22115
2,55003
2,55007
2,55009
2,55011
2,55015
2,55017
2,55021
2,55027
2,55029
2,55031
2,55033
2,55035
2,55037
2,55039
2,55043
2,55045
2,55047
2,55049
2,55051
2,55055
2,55057
2,55059
2,55061
2,55063
2,55065
2,55067
2,55069
2,55071
2,55073
2,55075
2,55077
2,55079
2,55081
2,55085
2,55087
2,55093
2,55095
2,55097
2,55101
2,55103
2,55109
2,55111
2,55113
2,55117
2,55125
2,55127
2,55129
2,55131
2,55135
2,55139
2,55141
2,6003
2,6005
2,6007
2,6009
2,6011
2,6015
2,6019
2,6021
2,6023
2,6027
2,6029
2,6031
2,6033
2,6035
2,6043
2,6045
2,6047
2,6049
2,47009
2,6057
2,6063
2,6065
2,6069
2,6071
2,47031
2,6077
2,47037
2,6079
2,6089
2,6091
2,6093
2,6095
2,6099
2,6101
2,6103
2,6105
2,47065
2,6107
2,6109
2,6115
2,47093
2,47113
2,47125
2,47149
2,47157
2,47163
2,47187
2,39003
2,39005
2,39007
2,39009
2,39011
2,39013
2,39017
2,39019
2,39021
2,39023
2,39027
2,39029
2,39031
2,39033
2,39035
2,39037
2,39039
2,39041
2,39043
2,39045
2,39047
2,39051
2,39055
2,39059
2,39061
2,39065
2,39067
2,39069
2,39071
2,39073
2,39077
2,39081
2,39087
2,39089
2,39091
2,39093
2,39095
2,39097
2,39099
2,39101
2,39107
2,39109
2,39111
2,39113
2,39115
2,39117
2,39119
2,39121
2,39123
2,39125
2,39127
2,39129
2,39133
2,39135
2,39137
2,39139
2,39141
2,39143
2,39147
2,39149
2,39151
2,39153
2,39155
2,39157
2,39159
2,39161
2,39165
2,39167
2,39169
2,39171
2,39173
2,31001
2,31003
2,31005
2,31007
2,31011
2,31015
2,31017
2,31019
2,31021
2,31023
2,31027
2,31029
2,31031
2,31035
2,31039
2,31041
2,31043
2,31045
2,31047
2,31049
2,31051
2,31053
2,31057
2,31061
2,31063
2,31065
2,31067
2,31069
2,31071
2,31073
2,31077
2,31083
2,31085
2,31087
2,31089
2,31091
2,31093
2,31095
2,31097
2,31099
2,31101
2,31103
2,31105
2,31107
2,31113
2,31115
2,31117
2,31119
2,31121
2,31123
2,31125
2,31127
2,31129
2,31131
2,31133
2,31135
2,31137
2,31139
2,31141
2,31145
2,31147
2,31149
2,31151
2,31155
2,31157
2,31159
2,31161
2,31165
2,31167
2,31169
2,31171
2,31173
2,31175
2,31179
2,31181
2,31183
2,31185
2,23001
2,23003
2,23005
2,23007
2,23009
2,23011
2,23013
2,23015
2,23017
2,23019
2,23021
2,23023
2,23025
2,23027
2,23029
2,23031
2,15001
2,15007
2,56003
2,56005
2,56007
2,56009
2,56013
2,56015
2,56017
2,56019
2,56023
2,56027
2,56031
2,56033
2,56037
2,56041
2,56043
2,56045
2,48003
2,48007
2,48009
2,48027
2,48029
2,48033
2,48037
2,48039
2,48043
2,48045
2,48057
2,48065
2,48069
2,48085
2,48097
2,48099
2,48105
2,48111
2,48135
2,48141
2,48167
2,48179
2,48181
2,48183
2,48189
2,40003
2,48195
2,40007
2,48201
2,40011
2,40017
2,48209
2,40019
2,48211
2,40025
2,40031
2,48227
2,48231
2,48233
2,40043
2,40045
2,40047
2,40051
2,48243
2,40053
2,48245
2,40059
2,40065
2,40071
2,40073
2,48265
2,48267
2,48273
2,40083
2,48281
2,40093
2,40101
2,40103
2,48295
2,48299
2,40109
2,48303
2,40115
2,40123
2,40125
2,40131
2,40137
2,40139
2,40143
2,48341
2,40151
2,40153
2,48355
2,48357
2,48359
2,48363
2,48367
2,48369
2,48375
2,48383
2,32007
2,32011
2,32013
2,48397
2,32017
2,32019
2,32021
2,32023
2,32027
2,32029
2,48413
2,48415
2,32033
2,48421
2,48423
2,48431
2,48439
2,48441
2,48447
2,48451
2,48461
2,48469
2,48473
2,48475
2,48483
2,48485
2,48495
2,48501
2,24001
2,24003
2,24005
2,24017
2,24025
2,24037
2,24043
2,16003
2,16009
2,16011
2,16015
2,16017
2,16021
2,16023
2,16027
2,16031
2,16033
2,16035
2,16037
2,16041
2,16043
2,16045
2,16047
2,16049
2,16051
2,16053
2,16055
2,16059
2,16061
2,16063
2,16067
2,16069
2,16073
2,16075
2,16077
2,16079
2,16081
2,16083
2,16085
2,16087
2,8007
2,8017
2,8027
2,8029
2,8037
2,8039
2,49001
2,8043
2,8045
2,49007
2,8049
2,49009
2,8053
2,49013
2,49015
2,8057
2,49017
2,49019
2,8061
2,8063
2,8065
2,8067
2,8073
2,8075
2,8077
2,49039
2,8081
2,49041
2,8083
2,8085
2,49045
2,8087
2,49047
2,8089
2,8091
2,8095
2,49055
2,8099
2,8101
2,8105
2,8109
2,8113
2,8115
2,8121
2,8123
2,8125
3,41005
3,41021
3,41039
3,33003
3,33009
3,33015
3,25007
3,25015
3,25019
3,17053
3,17077
3,17093
3,17109
3,17113
3,9001
3,9013
3,50015
3,42049
3,1101
3,34003
3,34021
3,34025
3,26045
3,26077
3,18007
3,18015
3,18049
3,18063
3,18085
3,18107
3,18151
3,18183
3,51003
3,51153
3,2060
3,2122
3,2130
3,2170
3,2220
3,35005
3,2240
3,35013
3,35035
3,51540
3,27003
3,27027
3,27037
3,51630
3,27075
3,51678
3,27123
3,27163
3,19029
3,19035
3,19041
3,51810
3,19045
3,19049
3,51820
3,19057
3,19059
3,19067
3,19073
3,19079
3,19091
3,19109
3,19113
3,19115
3,19121
3,19129
3,19147
3,19151
3,19153
3,19157
3,19175
3,19181
3,11001
3,36059
3,36061
3,36067
3,36079
3,28049
3,28105
3,20041
3,20051
3,20061
3,20075
3,20079
3,20081
3,20083
3,20085
3,20089
3,20123
3,20129
3,20169
3,20173
3,20177
3,20181
3,20189
3,12001
3,20193
3,12021
3,12091
3,53063
3,53067
3,12115
3,4005
3,45079
3,37183
3,29047
3,29165
3,29189
3,21067
3,46055
3,46065
3,46103
3,38015
3,30013
3,30037
3,30039
3,30103
3,22033
3,22061
3,55089
3,55105
3,55133
3,6001
3,47001
3,39049
3,39057
3,39063
3,39083
3,39085
3,39103
3,39175
3,31013
3,31025
3,31033
3,31055
3,31059
3,31075
3,31079
3,31081
3,31111
3,31143
3,31177
3,15003
3,56021
3,56029
3,48041
3,48113
3,48121
3,48205
3,40039
3,32001
3,32003
3,32015
3,48453
3,24033
3,16007
3,16029
3,16039
3,8001
3,8003
3,8015
3,8019
3,8047
3,49023
3,49031
3,49033
3,8079
3,49043
3,49051
3,8093
3,8103
3,8107
3,8111
3,8119
4,41067
4,25001
4,25017
4,25021
4,17019
4,17037
4,17043
4,17097
4,50007
4,42027
4,42029
4,1089
4,42091
4,34027
4,34035
4,26065
4,26111
4,26125
4,18105
4,18157
4,2020
4,2090
4,35001
4,35049
4,27053
4,27109
4,36087
4,36119
4,20045
4,20071
4,20111
4,20187
4,12009
4,53005
4,53023
4,53029
4,12073
4,53033
4,53037
4,53043
4,53055
4,53071
4,4019
4,37135
4,29019
4,29101
4,13053
4,13059
4,13089
4,46011
4,46027
4,46093
4,38017
4,38035
4,30001
4,30031
4,30045
4,30049
4,30063
4,30111
4,30113
4,55025
4,6013
4,6017
4,6037
4,6051
4,6053
4,6055
4,6059
4,6061
4,6067
4,6073
4,6075
4,6081
4,6083
4,6085
4,6087
4,6097
4,6111
4,6113
4,31009
4,31109
4,31153
4,56011
4,56025
4,56035
4,56039
4,40027
4,40119
4,48329
4,40147
4,48381
4,32005
4,32031
4,24027
4,16001
4,16005
4,16013
4,16019
4,16025
4,16057
4,16065
4,16071
4,32510
4,8031
4,8035
4,8041
4,49003
4,8051
4,49011
4,8059
4,49021
4,49025
4,49027
4,8069
4,49029
4,49035
4,49049
4,49053
4,49057
4,8117
5,41003
5,26161
5,51013
5,51059
5,2110
5,35028
5,51510
5,51600
5,51610
5,51830
5,19103
5,19169
5,36109
5,20091
5,20161
5,53075
5,6041
5,56001
5,24031
5,8005
5,8013
5,49005
5,8097
